,ETF,weight
0,XLE,13.26387670436571
1,XLF,3.8510391822776073
2,XLI,10.713781703367118
3,XLK,24.005574575347758
4,XLP,4.220743852800776
5,XLRE,2.165100713408
6,XLU,3.9779215566799424
7,XLV,16.07142913609229
8,XLY,21.730532575660796
